{"CACHE_SYNC_FILE_HASH":{"/Users/yangtao/ant/harmony/HarmonymPaaSDemo/BasicSharedModule/build-profile.json5":"c934d11b923ce67aea632b84c7c8eea7c58ca5150cd6e8ebdaa5f147362f7ad5","/Users/yangtao/ant/harmony/HarmonymPaaSDemo/BasicSharedModule/hvigorfile.ts":"f8b92638832aa611bd3ad104c31fd4d0ebac91d5b821edbd83970d57cdd616d6","/Users/yangtao/ant/harmony/HarmonymPaaSDemo/oh-package.json5":"9186cc26ee097e3853ee4186ae32dc8e8ca37ef72da4e3edc36791597a1f5df2","/Users/yangtao/ant/harmony/HarmonymPaaSDemo/.hvigor/outputs/sync/output.json":"624a76d717f5d179dbe46b26efb930e8ac788a187c786b497a2db83b67886cc6","/Users/yangtao/ant/harmony/HarmonymPaaSDemo/TestModule/oh-package.json5":"d06fdeea8ddda250cf4744768979523af52843f7f251206ccf2532dcb9380978","/Users/yangtao/ant/harmony/HarmonymPaaSDemo/build-profile.json5":"bbe67714824607683069098ebc91ca1be991556cd52a9332131c469f25e7d4c1","/Users/yangtao/ant/harmony/HarmonymPaaSDemo/hvigorfile.ts":"f38cae53d1e17e07c416d6d43fa1fec381e9db368703bc0c7b0baf7b647970ee","/Users/yangtao/ant/harmony/HarmonymPaaSDemo/BasicSharedModule/oh-package.json5":"c8b4401af76bf49433db5970e135cad4ccad116c0440c431e7e4fd965c3ce050","SDK_LOCATION":"/Applications/DevEco-Studio.app/Contents/sdk","/Users/yangtao/ant/harmony/HarmonymPaaSDemo/TestModule/hvigorfile.ts":"06e5fd44da9ebc096d44c25ed7b68442fa07d866812d64f5388be30474329ce2","/Users/yangtao/ant/harmony/HarmonymPaaSDemo/entry/hvigorfile.ts":"27f69caf475ee1300a591c9b1907fe7efa8e2ea47851ff7c0506a1d5329c8366","/Users/yangtao/ant/harmony/HarmonymPaaSDemo/entry/build-profile.json5":"d9a7313fc5206b947fc5a108240f9d3e80cdea8480616f291a7cb83479e176d0","/Users/yangtao/ant/harmony/HarmonymPaaSDemo/TestModule/build-profile.json5":"7de674a0308791f6e158210116db87bc87545867e821fee20e2129a9c8e77e38","/Users/yangtao/ant/harmony/HarmonymPaaSDemo/mpaas_ocr_demo/build-profile.json5":"6146f2c469d1c1eb566e21b48f71a8b8b3521d040578ede3f6b7ed881d1fdcaa","/Users/yangtao/ant/harmony/HarmonymPaaSDemo/mpaas_ocr_demo/hvigorfile.ts":"bcbe466a7576b653dbbbff0d5991c3831b20a9f3d0e8ffbe4e7c7d0b8e7b3714","/Users/yangtao/ant/harmony/HarmonymPaaSDemo/mpaas_ocr_demo/oh-package.json5":"3107bf5f26f0f29f4d7b18ba3d3a7186d8d075bf614d175f710b5b2d1c40ab6f","/Users/yangtao/ant/harmony/HarmonymPaaSDemo/hvigor/hvigor-config.json5":"f412a088c7f76ee66864e6d7c6e3d5dc672d957fa6ae7d0a867a4592bfe86119","/Users/yangtao/ant/harmony/HarmonymPaaSDemo/entry/oh-package.json5":"c5f2797a32f599c93ffc0b0699d82e3a5874dab322e204e037649ddcf9c06042"},"OHPM_INSTALL_FILE_HASH":{"/Users/yangtao/ant/harmony/HarmonymPaaSDemo/BasicSharedModule/oh_modules":true,"/Users/yangtao/ant/harmony/HarmonymPaaSDemo/oh_modules":true,"/Users/yangtao/ant/harmony/HarmonymPaaSDemo/TestModule/oh_modules":false,"/Users/yangtao/ant/harmony/HarmonymPaaSDemo/oh-package.json5":"9186cc26ee097e3853ee4186ae32dc8e8ca37ef72da4e3edc36791597a1f5df2","/Users/yangtao/ant/harmony/HarmonymPaaSDemo/entry/oh_modules":true,"/Users/yangtao/ant/harmony/HarmonymPaaSDemo/mpaas_ocr_demo/oh_modules":true,"/Users/yangtao/ant/harmony/HarmonymPaaSDemo/TestModule/oh-package.json5":"d06fdeea8ddda250cf4744768979523af52843f7f251206ccf2532dcb9380978","/Users/yangtao/ant/harmony/HarmonymPaaSDemo/BasicSharedModule/oh-package.json5":"c8b4401af76bf49433db5970e135cad4ccad116c0440c431e7e4fd965c3ce050","/Users/yangtao/ant/harmony/HarmonymPaaSDemo/mpaas_ocr_demo/oh-package.json5":"3107bf5f26f0f29f4d7b18ba3d3a7186d8d075bf614d175f710b5b2d1c40ab6f","/Users/yangtao/ant/harmony/HarmonymPaaSDemo/entry/oh-package.json5":"c5f2797a32f599c93ffc0b0699d82e3a5874dab322e204e037649ddcf9c06042"}}