{
  "ohos-module-entry": {
    "SELECT_TARGET": "default",
    "MODULE_BUILD_DIR": "/Users/yangtao/ant/harmony/HarmonymPaaSDemo/entry/build",
    "DEPENDENCY_INFO": {
      "@ohos/hypium": "/Users/yangtao/ant/harmony/HarmonymPaaSDemo/oh_modules/.ohpm/@ohos+hypium@1.0.15/oh_modules/@ohos/hypium",
      "@ohos/hamock": "/Users/yangtao/ant/harmony/HarmonymPaaSDemo/oh_modules/.ohpm/@ohos+hamock@1.0.0-rc/oh_modules/@ohos/hamock",
      "@mpaas/framework": "/Users/yangtao/ant/harmony/HarmonymPaaSDemo/oh_modules/.ohpm/@mpaas+framework@1.0.240722195448/oh_modules/@mpaas/framework",
      "@mpaas/datacenter": "/Users/yangtao/ant/harmony/HarmonymPaaSDemo/oh_modules/.ohpm/@mpaas+datacenter@1.0.240909151445/oh_modules/@mpaas/datacenter",
      "@mpaas/rpc": "/Users/yangtao/ant/harmony/HarmonymPaaSDemo/oh_modules/.ohpm/@mpaas+rpc@1.0.240904203320/oh_modules/@mpaas/rpc",
      "@mpaas/gm": "/Users/yangtao/ant/harmony/HarmonymPaaSDemo/oh_modules/.ohpm/@mpaas+gm@1.0.240702194534/oh_modules/@mpaas/gm",
      "@mpaas/hriver": "/Users/yangtao/ant/harmony/HarmonymPaaSDemo/oh_modules/.ohpm/@mpaas+hriver@1.0.240912170641/oh_modules/@mpaas/hriver",
      "@mpaas/masadapter": "/Users/yangtao/ant/harmony/HarmonymPaaSDemo/oh_modules/.ohpm/@mpaas+masadapter@1.0.240802113431/oh_modules/@mpaas/masadapter",
      "@mpaas/upgrade": "/Users/yangtao/ant/harmony/HarmonymPaaSDemo/oh_modules/.ohpm/@mpaas+upgrade@1.0.240909120426/oh_modules/@mpaas/upgrade",
      "@mpaas/configservice": "/Users/yangtao/ant/harmony/HarmonymPaaSDemo/oh_modules/.ohpm/@mpaas+configservice@1.0.240726163920/oh_modules/@mpaas/configservice",
      "@mpaas/push": "/Users/yangtao/ant/harmony/HarmonymPaaSDemo/oh_modules/.ohpm/@mpaas+push@2.0.0-beta/oh_modules/@mpaas/push",
      "@mpaas/safekeyboard": "/Users/yangtao/ant/harmony/HarmonymPaaSDemo/oh_modules/.ohpm/@mpaas+safekeyboard@1.0.240829094956/oh_modules/@mpaas/safekeyboard",
      "@mpaas/scanapp": "/Users/yangtao/ant/harmony/HarmonymPaaSDemo/oh_modules/.ohpm/@mpaas+scanapp@1.0.240722200423/oh_modules/@mpaas/scanapp",
      "@mpaas/sync_service": "/Users/yangtao/ant/harmony/HarmonymPaaSDemo/oh_modules/.ohpm/@mpaas+sync_service@1.0.240911193552/oh_modules/@mpaas/sync_service",
      "@mpaas/udid": "/Users/yangtao/ant/harmony/HarmonymPaaSDemo/oh_modules/.ohpm/@mpaas+udid@1.0.240722105823/oh_modules/@mpaas/udid",
      "@mpaas/mpsecurestorage": "/Users/yangtao/ant/harmony/HarmonymPaaSDemo/oh_modules/.ohpm/@mpaas+mpsecurestorage@1.0.240806155218/oh_modules/@mpaas/mpsecurestorage",
      "@mpaas/trace_log": "/Users/yangtao/ant/harmony/HarmonymPaaSDemo/oh_modules/.ohpm/@mpaas+trace_log@1.0.240902173726/oh_modules/@mpaas/trace_log",
      "@mpaas/hrivermini": "/Users/yangtao/ant/harmony/HarmonymPaaSDemo/oh_modules/.ohpm/@mpaas+hrivermini@1.0.240904153745/oh_modules/@mpaas/hrivermini",
      "@mpaas/exthub": "/Users/yangtao/ant/harmony/HarmonymPaaSDemo/oh_modules/.ohpm/@mpaas+exthub@1.0.240806173839/oh_modules/@mpaas/exthub",
      "@mpaas/antui": "/Users/yangtao/ant/harmony/HarmonymPaaSDemo/oh_modules/.ohpm/@mpaas+antui@1.0.240802142155/oh_modules/@mpaas/antui",
      "@mpaas/nebulaintegration": "/Users/yangtao/ant/harmony/HarmonymPaaSDemo/oh_modules/.ohpm/@mpaas+nebulaintegration@1.0.240912162312/oh_modules/@mpaas/nebulaintegration",
      "@mpaas/xriverohos": "/Users/yangtao/ant/harmony/HarmonymPaaSDemo/oh_modules/.ohpm/@mpaas+xriverohos@1.0.240912134806/oh_modules/@mpaas/xriverohos",
      "@mpaas/apframework": "/Users/yangtao/ant/harmony/HarmonymPaaSDemo/oh_modules/.ohpm/@mpaas+apframework@1.0.240904134828/oh_modules/@mpaas/apframework",
      "@mpaas/mpaas_ocr_demo": "/Users/yangtao/ant/harmony/HarmonymPaaSDemo/mpaas_ocr_demo",
      "@mpaas/mpaas_ocr_core": "/Users/yangtao/ant/harmony/HarmonymPaaSDemo/oh_modules/.ohpm/@mpaas+mpaas_ocr_core@0.0.2/oh_modules/@mpaas/mpaas_ocr_core",
      "@mpaas/transport_build": "/Users/yangtao/ant/harmony/HarmonymPaaSDemo/oh_modules/.ohpm/@mpaas+transport_build@1.0.240829214135/oh_modules/@mpaas/transport_build",
      "@mpaas/lang": "/Users/yangtao/ant/harmony/HarmonymPaaSDemo/oh_modules/.ohpm/@mpaas+lang@1.0.240522203238/oh_modules/@mpaas/lang",
      "@mpaas/remotelogger": "/Users/yangtao/ant/harmony/HarmonymPaaSDemo/oh_modules/.ohpm/@mpaas+remotelogger@1.0.240910154929/oh_modules/@mpaas/remotelogger",
      "@mpaas/crashreporter": "/Users/yangtao/ant/harmony/HarmonymPaaSDemo/oh_modules/.ohpm/@mpaas+crashreporter@1.0.240702103009/oh_modules/@mpaas/crashreporter",
      "@mpaas/autotracker": "/Users/yangtao/ant/harmony/HarmonymPaaSDemo/oh_modules/.ohpm/@mpaas+autotracker@1.0.240717165643/oh_modules/@mpaas/autotracker",
      "@mpaas/cpp_shared": "/Users/yangtao/ant/harmony/HarmonymPaaSDemo/oh_modules/.ohpm/@mpaas+cpp_shared@1.0.240715152241/oh_modules/@mpaas/cpp_shared",
      "@mpaas/protobuf": "/Users/yangtao/ant/harmony/HarmonymPaaSDemo/oh_modules/.ohpm/@mpaas+protobuf@1.0.240523150922/oh_modules/@mpaas/protobuf",
      "@mpaas/fake_island": "/Users/yangtao/ant/harmony/HarmonymPaaSDemo/oh_modules/.ohpm/@mpaas+fake_island@1.0.240724144051/oh_modules/@mpaas/fake_island",
      "@mpaas/license_control": "/Users/yangtao/ant/harmony/HarmonymPaaSDemo/oh_modules/.ohpm/@mpaas+license_control@1.0.240910160107/oh_modules/@mpaas/license_control",
      "@mpaas/mpaas_decodenapi": "/Users/yangtao/ant/harmony/HarmonymPaaSDemo/oh_modules/.ohpm/@mpaas+mpaas_decodenapi@1.0.240605141828/oh_modules/@mpaas/mpaas_decodenapi",
      "@mpaas/fgbgmonitor": "/Users/yangtao/ant/harmony/HarmonymPaaSDemo/oh_modules/.ohpm/@mpaas+fgbgmonitor@1.0.240524150948/oh_modules/@mpaas/fgbgmonitor",
      "@ohos/crypto-js": "/Users/yangtao/ant/harmony/HarmonymPaaSDemo/oh_modules/.ohpm/@ohos+crypto-js@2.0.4/oh_modules/@ohos/crypto-js",
      "@mpaas/fs_ext": "/Users/yangtao/ant/harmony/HarmonymPaaSDemo/oh_modules/.ohpm/@mpaas+fs_ext@1.0.240715153152/oh_modules/@mpaas/fs_ext",
      "@mpaas/path": "/Users/yangtao/ant/harmony/HarmonymPaaSDemo/oh_modules/.ohpm/@mpaas+path@1.0.240625165026/oh_modules/@mpaas/path",
      "@mpaas/mpaas_beehive": "/Users/yangtao/ant/harmony/HarmonymPaaSDemo/oh_modules/.ohpm/@mpaas+mpaas_beehive@1.0.240806182045/oh_modules/@mpaas/mpaas_beehive",
      "@mpaas/lbs": "/Users/yangtao/ant/harmony/HarmonymPaaSDemo/oh_modules/.ohpm/@mpaas+lbs@1.0.240904132250/oh_modules/@mpaas/lbs",
      "@mpaas/mpaas_ccdn": "/Users/yangtao/ant/harmony/HarmonymPaaSDemo/oh_modules/.ohpm/@mpaas+mpaas_ccdn@1.0.240813163432/oh_modules/@mpaas/mpaas_ccdn",
      "@mpaas/logging": "/Users/yangtao/ant/harmony/HarmonymPaaSDemo/oh_modules/.ohpm/@mpaas+logging@1.0.240809154137/oh_modules/@mpaas/logging",
      "@mpaas/mpaas_ccdnjs": "/Users/yangtao/ant/harmony/HarmonymPaaSDemo/oh_modules/.ohpm/@mpaas+mpaas_ccdnjs@1.0.240813172214/oh_modules/@mpaas/mpaas_ccdnjs",
      "@mpaas/appcontext": "/Users/yangtao/ant/harmony/HarmonymPaaSDemo/oh_modules/.ohpm/@mpaas+appcontext@1.0.240724172949/oh_modules/@mpaas/appcontext",
      "@mpaas/mpaas_commonbizservice": "/Users/yangtao/ant/harmony/HarmonymPaaSDemo/oh_modules/.ohpm/@mpaas+mpaas_commonbizservice@1.0.240813162129/oh_modules/@mpaas/mpaas_commonbizservice",
      "@mpaas/mpaas_commonability": "/Users/yangtao/ant/harmony/HarmonymPaaSDemo/oh_modules/.ohpm/@mpaas+mpaas_commonability@1.0.240911212047/oh_modules/@mpaas/mpaas_commonability",
      "@mpaas/sharedmemory": "/Users/yangtao/ant/harmony/HarmonymPaaSDemo/oh_modules/.ohpm/@mpaas+sharedmemory@1.0.240718011053/oh_modules/@mpaas/sharedmemory",
      "@mpaas/threadpool": "/Users/yangtao/ant/harmony/HarmonymPaaSDemo/oh_modules/.ohpm/@mpaas+threadpool@1.0.240814104348/oh_modules/@mpaas/threadpool",
      "@mpaas/mpaas_multimedia": "/Users/yangtao/ant/harmony/HarmonymPaaSDemo/oh_modules/.ohpm/@mpaas+mpaas_multimedia@1.0.240806181230/oh_modules/@mpaas/mpaas_multimedia",
      "@mpaas/mpaas_cityselector": "/Users/yangtao/ant/harmony/HarmonymPaaSDemo/oh_modules/.ohpm/@mpaas+mpaas_cityselector@1.0.240910100701/oh_modules/@mpaas/mpaas_cityselector",
      "@mpaas/mpaas_exthub_plugin": "/Users/yangtao/ant/harmony/HarmonymPaaSDemo/oh_modules/.ohpm/@mpaas+mpaas_exthub_plugin@1.0.240904142008/oh_modules/@mpaas/mpaas_exthub_plugin",
      "@mpaas/mpaas_map": "/Users/yangtao/ant/harmony/HarmonymPaaSDemo/oh_modules/.ohpm/@mpaas+mpaas_map@1.0.240911201646/oh_modules/@mpaas/mpaas_map",
      "@mpaas/beevideo": "/Users/yangtao/ant/harmony/HarmonymPaaSDemo/oh_modules/.ohpm/@mpaas+beevideo@1.0.240904125821/oh_modules/@mpaas/beevideo",
      "@mpaas/mpaas_permission_fortress": "/Users/yangtao/ant/harmony/HarmonymPaaSDemo/oh_modules/.ohpm/@mpaas+mpaas_permission_fortress@1.0.240904135649/oh_modules/@mpaas/mpaas_permission_fortress",
      "@mpaas/bluetooth_har": "/Users/yangtao/ant/harmony/HarmonymPaaSDemo/oh_modules/.ohpm/@mpaas+bluetooth_har@1.0.240910111102/oh_modules/@mpaas/bluetooth_har",
      "@mpaas/mpaas_commonservice": "/Users/yangtao/ant/harmony/HarmonymPaaSDemo/oh_modules/.ohpm/@mpaas+mpaas_commonservice@1.0.240806174925/oh_modules/@mpaas/mpaas_commonservice",
      "@mpaas/mpaas_beephoto": "/Users/yangtao/ant/harmony/HarmonymPaaSDemo/oh_modules/.ohpm/@mpaas+mpaas_beephoto@1.0.240813171230/oh_modules/@mpaas/mpaas_beephoto",
      "@mpaas/mpaas_bizpermission": "/Users/yangtao/ant/harmony/HarmonymPaaSDemo/oh_modules/.ohpm/@mpaas+mpaas_bizpermission@1.0.240813171018/oh_modules/@mpaas/mpaas_bizpermission",
      "@mpaas/mpaas_lbs_service": "/Users/yangtao/ant/harmony/HarmonymPaaSDemo/oh_modules/.ohpm/@mpaas+mpaas_lbs_service@1.0.240813162827/oh_modules/@mpaas/mpaas_lbs_service",
      "@mpaas/mpaas_privacypermission": "/Users/yangtao/ant/harmony/HarmonymPaaSDemo/oh_modules/.ohpm/@mpaas+mpaas_privacypermission@1.0.240813171707/oh_modules/@mpaas/mpaas_privacypermission",
      "@mpaas/mpaas_beehive_base": "/Users/yangtao/ant/harmony/HarmonymPaaSDemo/oh_modules/.ohpm/@mpaas+mpaas_beehive_base@1.0.240806180451/oh_modules/@mpaas/mpaas_beehive_base",
      "@mpaas/openplatform": "/Users/yangtao/ant/harmony/HarmonymPaaSDemo/oh_modules/.ohpm/@mpaas+openplatform@1.0.240806171537/oh_modules/@mpaas/openplatform",
      "@mpaas/mpass_storage": "/Users/yangtao/ant/harmony/HarmonymPaaSDemo/oh_modules/.ohpm/@mpaas+mpass_storage@1.0.240814105132/oh_modules/@mpaas/mpass_storage",
      "@mpaas/mpaas_cityselector_service": "/Users/yangtao/ant/harmony/HarmonymPaaSDemo/oh_modules/.ohpm/@mpaas+mpaas_cityselector_service@1.0.240806171008/oh_modules/@mpaas/mpaas_cityselector_service",
      "@mpaas/html5parser": "/Users/yangtao/ant/harmony/HarmonymPaaSDemo/oh_modules/.ohpm/@mpaas+html5parser@1.0.240614144913/oh_modules/@mpaas/html5parser",
      "mpaas_xmedia": "/Users/yangtao/ant/harmony/HarmonymPaaSDemo/oh_modules/.ohpm/@alipay+mpaas_xmedia@1.0.0-240401202828/oh_modules/@alipay/mpaas_xmedia",
      "@mpaas/mpaas_xmediacorebiz": "/Users/yangtao/ant/harmony/HarmonymPaaSDemo/oh_modules/.ohpm/@mpaas+mpaas_xmediacorebiz@0.0.2/oh_modules/@mpaas/mpaas_xmediacorebiz",
      "@mpaas/mpaas_ocr_model_driver_license": "/Users/yangtao/ant/harmony/HarmonymPaaSDemo/oh_modules/.ohpm/@mpaas+mpaas_ocr_model_driver_license@0.0.2/oh_modules/@mpaas/mpaas_ocr_model_driver_license",
      "@mpaas/mpaas_ocr_model_idcard": "/Users/yangtao/ant/harmony/HarmonymPaaSDemo/oh_modules/.ohpm/@mpaas+mpaas_ocr_model_idcard@0.0.2/oh_modules/@mpaas/mpaas_ocr_model_idcard",
      "@mpaas/mpaas_ocr_model_bank": "/Users/yangtao/ant/harmony/HarmonymPaaSDemo/oh_modules/.ohpm/@mpaas+mpaas_ocr_model_bank@0.0.2/oh_modules/@mpaas/mpaas_ocr_model_bank",
      "@mpaas/mpaas_ocr_model_bizlicense": "/Users/yangtao/ant/harmony/HarmonymPaaSDemo/oh_modules/.ohpm/@mpaas+mpaas_ocr_model_bizlicense@0.0.2/oh_modules/@mpaas/mpaas_ocr_model_bizlicense",
      "@mpaas/mpaas_ocr_model_car_license": "/Users/yangtao/ant/harmony/HarmonymPaaSDemo/oh_modules/.ohpm/@mpaas+mpaas_ocr_model_car_license@0.0.2/oh_modules/@mpaas/mpaas_ocr_model_car_license",
      "@mpaas/mpaas_ocr_model_driving_license": "/Users/yangtao/ant/harmony/HarmonymPaaSDemo/oh_modules/.ohpm/@mpaas+mpaas_ocr_model_driving_license@0.0.2/oh_modules/@mpaas/mpaas_ocr_model_driving_license",
      "@mpaas/mpaas_ocr_model_gas_meter": "/Users/yangtao/ant/harmony/HarmonymPaaSDemo/oh_modules/.ohpm/@mpaas+mpaas_ocr_model_gas_meter@0.0.2/oh_modules/@mpaas/mpaas_ocr_model_gas_meter",
      "@mpaas/mpaas_ocr_model_passport": "/Users/yangtao/ant/harmony/HarmonymPaaSDemo/oh_modules/.ohpm/@mpaas+mpaas_ocr_model_passport@0.0.2/oh_modules/@mpaas/mpaas_ocr_model_passport",
      "@mpaas/mpaas_ocr_model_vin_code": "/Users/yangtao/ant/harmony/HarmonymPaaSDemo/oh_modules/.ohpm/@mpaas+mpaas_ocr_model_vin_code@0.0.2/oh_modules/@mpaas/mpaas_ocr_model_vin_code",
      "@mpaas/hos_license_control": "/Users/yangtao/ant/harmony/HarmonymPaaSDemo/oh_modules/.ohpm/@mpaas+hos_license_control@0.0.2/oh_modules/@mpaas/hos_license_control",
      "@mpaas/shuckle": "/Users/yangtao/ant/harmony/HarmonymPaaSDemo/oh_modules/.ohpm/@mpaas+shuckle@1.0.240824165843/oh_modules/@mpaas/shuckle",
      "@mpaas/compress": "/Users/yangtao/ant/harmony/HarmonymPaaSDemo/oh_modules/.ohpm/@mpaas+compress@1.0.240731193015/oh_modules/@mpaas/compress"
    },
    "TARGETS": {
      "default": {
        "SOURCE_ROOT": "/Users/yangtao/ant/harmony/HarmonymPaaSDemo/entry/src/main",
        "RESOURCES_PATH": [
          "/Users/yangtao/ant/harmony/HarmonymPaaSDemo/entry/src/main/resources"
        ],
        "BUILD_PATH": {
          "OUTPUT_PATH": "/Users/yangtao/ant/harmony/HarmonymPaaSDemo/entry/build/default/outputs/default",
          "INTERMEDIA_PATH": "/Users/yangtao/ant/harmony/HarmonymPaaSDemo/entry/build/default/intermediates",
          "JS_ASSETS_PATH": "/Users/yangtao/ant/harmony/HarmonymPaaSDemo/entry/build/default/intermediates/loader_out/default",
          "JS_LITE_ASSETS_PATH": "/Users/yangtao/ant/harmony/HarmonymPaaSDemo/entry/build/default/intermediates/loader_out_lite/default",
          "RES_PATH": "/Users/yangtao/ant/harmony/HarmonymPaaSDemo/entry/build/default/intermediates/res/default",
          "RES_PROFILE_PATH": "/Users/yangtao/ant/harmony/HarmonymPaaSDemo/entry/build/default/intermediates/res/default/resources/base/profile",
          "ETS_SUPER_VISUAL_PATH": "/Users/yangtao/ant/harmony/HarmonymPaaSDemo/entry/build/default/cache/default/default@CompileArkTS/esmodule",
          "JS_SUPER_VISUAL_PATH": "/Users/yangtao/ant/harmony/HarmonymPaaSDemo/entry/build/default/cache/default/default@CompileJS/jsbundle",
          "WORKER_LOADER": "/Users/yangtao/ant/harmony/HarmonymPaaSDemo/entry/build/default/intermediates/loader/default/loader.json",
          "MANIFEST_JSON": "/Users/yangtao/ant/harmony/HarmonymPaaSDemo/entry/build/default/intermediates/manifest/default",
          "OUTPUT_METADATA_JSON": "/Users/yangtao/ant/harmony/HarmonymPaaSDemo/entry/build/default/intermediates/hap_metadata/default/output_metadata.json"
        },
        "BUILD_OPTION": {
          "debuggable": true
        }
      },
      "release": {
        "SOURCE_ROOT": "/Users/yangtao/ant/harmony/HarmonymPaaSDemo/entry/src/main",
        "RESOURCES_PATH": [
          "/Users/yangtao/ant/harmony/HarmonymPaaSDemo/entry/src/main/resources"
        ],
        "BUILD_PATH": {
          "OUTPUT_PATH": "/Users/yangtao/ant/harmony/HarmonymPaaSDemo/entry/build/default/outputs/release",
          "INTERMEDIA_PATH": "/Users/yangtao/ant/harmony/HarmonymPaaSDemo/entry/build/default/intermediates",
          "JS_ASSETS_PATH": "/Users/yangtao/ant/harmony/HarmonymPaaSDemo/entry/build/default/intermediates/loader_out/release",
          "JS_LITE_ASSETS_PATH": "/Users/yangtao/ant/harmony/HarmonymPaaSDemo/entry/build/default/intermediates/loader_out_lite/release",
          "RES_PATH": "/Users/yangtao/ant/harmony/HarmonymPaaSDemo/entry/build/default/intermediates/res/release",
          "RES_PROFILE_PATH": "/Users/yangtao/ant/harmony/HarmonymPaaSDemo/entry/build/default/intermediates/res/release/resources/base/profile",
          "ETS_SUPER_VISUAL_PATH": "/Users/yangtao/ant/harmony/HarmonymPaaSDemo/entry/build/default/cache/release/release@CompileArkTS/esmodule",
          "JS_SUPER_VISUAL_PATH": "/Users/yangtao/ant/harmony/HarmonymPaaSDemo/entry/build/default/cache/release/release@CompileJS/jsbundle",
          "WORKER_LOADER": "/Users/yangtao/ant/harmony/HarmonymPaaSDemo/entry/build/default/intermediates/loader/release/loader.json",
          "MANIFEST_JSON": "/Users/yangtao/ant/harmony/HarmonymPaaSDemo/entry/build/default/intermediates/manifest/release",
          "OUTPUT_METADATA_JSON": "/Users/yangtao/ant/harmony/HarmonymPaaSDemo/entry/build/default/intermediates/hap_metadata/release/output_metadata.json"
        },
        "BUILD_OPTION": {
          "debuggable": true
        }
      },
      "ohosTest": {
        "SOURCE_ROOT": "/Users/yangtao/ant/harmony/HarmonymPaaSDemo/entry/src/ohosTest",
        "RESOURCES_PATH": [
          "/Users/yangtao/ant/harmony/HarmonymPaaSDemo/entry/src/ohosTest/resources"
        ],
        "BUILD_PATH": {
          "OUTPUT_PATH": "/Users/yangtao/ant/harmony/HarmonymPaaSDemo/entry/build/default/outputs/ohosTest",
          "INTERMEDIA_PATH": "/Users/yangtao/ant/harmony/HarmonymPaaSDemo/entry/build/default/intermediates",
          "JS_ASSETS_PATH": "/Users/yangtao/ant/harmony/HarmonymPaaSDemo/entry/build/default/intermediates/loader_out/ohosTest",
          "JS_LITE_ASSETS_PATH": "/Users/yangtao/ant/harmony/HarmonymPaaSDemo/entry/build/default/intermediates/loader_out_lite/ohosTest",
          "RES_PATH": "/Users/yangtao/ant/harmony/HarmonymPaaSDemo/entry/build/default/intermediates/res/ohosTest",
          "RES_PROFILE_PATH": "/Users/yangtao/ant/harmony/HarmonymPaaSDemo/entry/build/default/intermediates/res/ohosTest/resources/base/profile",
          "ETS_SUPER_VISUAL_PATH": "/Users/yangtao/ant/harmony/HarmonymPaaSDemo/entry/build/default/cache/ohosTest/ohosTest@OhosTestCompileArkTS/esmodule",
          "JS_SUPER_VISUAL_PATH": "/Users/yangtao/ant/harmony/HarmonymPaaSDemo/entry/build/default/cache/ohosTest/ohosTest@OhosTestCompileJS/jsbundle",
          "WORKER_LOADER": "/Users/yangtao/ant/harmony/HarmonymPaaSDemo/entry/build/default/intermediates/loader/ohosTest/loader.json",
          "MANIFEST_JSON": "/Users/yangtao/ant/harmony/HarmonymPaaSDemo/entry/build/default/intermediates/manifest/ohosTest",
          "OUTPUT_METADATA_JSON": "/Users/yangtao/ant/harmony/HarmonymPaaSDemo/entry/build/default/intermediates/hap_metadata/ohosTest/output_metadata.json"
        },
        "BUILD_OPTION": {
          "debuggable": true
        }
      }
    },
    "BUILD_OPTION": {
      "default-default": {
        "debuggable": true,
        "copyFrom": "default",
        "nativeLib": {
          "filter": {
            "enableOverride": true
          }
        },
        "name": "debug",
        "arkOptions": {
          "obfuscation": {
            "ruleOptions": {
              "enable": true,
              "files": [
                "./obfuscation-rules.txt"
              ]
            }
          }
        }
      }
    },
    "BUILD_PROFILE_OPT": {
      "apiType": "stageMode",
      "buildOption": {
        "nativeLib": {
          "filter": {
            "enableOverride": true
          }
        }
      },
      "buildOptionSet": [
        {
          "name": "debug",
          "arkOptions": {
            "obfuscation": {
              "ruleOptions": {
                "enable": true,
                "files": [
                  "./obfuscation-rules.txt"
                ]
              }
            }
          }
        },
        {
          "name": "release",
          "arkOptions": {
            "obfuscation": {
              "ruleOptions": {
                "enable": true,
                "files": [
                  "./obfuscation-rules.txt"
                ]
              }
            }
          }
        },
        {
          "name": "default"
        }
      ],
      "targets": [
        {
          "name": "default"
        },
        {
          "name": "release"
        },
        {
          "name": "ohosTest"
        }
      ]
    }
  },
  "ohos-module-TestModule": {
    "SELECT_TARGET": "default",
    "MODULE_BUILD_DIR": "/Users/yangtao/ant/harmony/HarmonymPaaSDemo/TestModule/build",
    "DEPENDENCY_INFO": {},
    "TARGETS": {
      "default": {
        "SOURCE_ROOT": "/Users/yangtao/ant/harmony/HarmonymPaaSDemo/TestModule/src/main",
        "RESOURCES_PATH": [
          "/Users/yangtao/ant/harmony/HarmonymPaaSDemo/TestModule/src/main/resources"
        ],
        "BUILD_PATH": {
          "OUTPUT_PATH": "/Users/yangtao/ant/harmony/HarmonymPaaSDemo/TestModule/build/default/outputs/default",
          "INTERMEDIA_PATH": "/Users/yangtao/ant/harmony/HarmonymPaaSDemo/TestModule/build/default/intermediates",
          "JS_ASSETS_PATH": "/Users/yangtao/ant/harmony/HarmonymPaaSDemo/TestModule/build/default/intermediates/loader_out/default",
          "JS_LITE_ASSETS_PATH": "/Users/yangtao/ant/harmony/HarmonymPaaSDemo/TestModule/build/default/intermediates/loader_out_lite/default",
          "RES_PATH": "/Users/yangtao/ant/harmony/HarmonymPaaSDemo/TestModule/build/default/intermediates/res/default",
          "RES_PROFILE_PATH": "/Users/yangtao/ant/harmony/HarmonymPaaSDemo/TestModule/build/default/intermediates/res/default/resources/base/profile",
          "ETS_SUPER_VISUAL_PATH": "/Users/yangtao/ant/harmony/HarmonymPaaSDemo/TestModule/build/default/cache/default/default@CompileArkTS/esmodule",
          "JS_SUPER_VISUAL_PATH": "/Users/yangtao/ant/harmony/HarmonymPaaSDemo/TestModule/build/default/cache/default/default@CompileJS/jsbundle",
          "WORKER_LOADER": "/Users/yangtao/ant/harmony/HarmonymPaaSDemo/TestModule/build/default/intermediates/loader/default/loader.json",
          "MANIFEST_JSON": "/Users/yangtao/ant/harmony/HarmonymPaaSDemo/TestModule/build/default/intermediates/manifest/default",
          "OUTPUT_METADATA_JSON": "/Users/yangtao/ant/harmony/HarmonymPaaSDemo/TestModule/build/default/intermediates/hap_metadata/default/output_metadata.json"
        },
        "BUILD_OPTION": {
          "debuggable": true
        }
      },
      "ohosTest": {
        "SOURCE_ROOT": "/Users/yangtao/ant/harmony/HarmonymPaaSDemo/TestModule/src/ohosTest",
        "RESOURCES_PATH": [
          "/Users/yangtao/ant/harmony/HarmonymPaaSDemo/TestModule/src/ohosTest/resources"
        ],
        "BUILD_PATH": {
          "OUTPUT_PATH": "/Users/yangtao/ant/harmony/HarmonymPaaSDemo/TestModule/build/default/outputs/ohosTest",
          "INTERMEDIA_PATH": "/Users/yangtao/ant/harmony/HarmonymPaaSDemo/TestModule/build/default/intermediates",
          "JS_ASSETS_PATH": "/Users/yangtao/ant/harmony/HarmonymPaaSDemo/TestModule/build/default/intermediates/loader_out/ohosTest",
          "JS_LITE_ASSETS_PATH": "/Users/yangtao/ant/harmony/HarmonymPaaSDemo/TestModule/build/default/intermediates/loader_out_lite/ohosTest",
          "RES_PATH": "/Users/yangtao/ant/harmony/HarmonymPaaSDemo/TestModule/build/default/intermediates/res/ohosTest",
          "RES_PROFILE_PATH": "/Users/yangtao/ant/harmony/HarmonymPaaSDemo/TestModule/build/default/intermediates/res/ohosTest/resources/base/profile",
          "ETS_SUPER_VISUAL_PATH": "/Users/yangtao/ant/harmony/HarmonymPaaSDemo/TestModule/build/default/cache/ohosTest/ohosTest@OhosTestCompileArkTS/esmodule",
          "JS_SUPER_VISUAL_PATH": "/Users/yangtao/ant/harmony/HarmonymPaaSDemo/TestModule/build/default/cache/ohosTest/ohosTest@OhosTestCompileJS/jsbundle",
          "WORKER_LOADER": "/Users/yangtao/ant/harmony/HarmonymPaaSDemo/TestModule/build/default/intermediates/loader/ohosTest/loader.json",
          "MANIFEST_JSON": "/Users/yangtao/ant/harmony/HarmonymPaaSDemo/TestModule/build/default/intermediates/manifest/ohosTest",
          "OUTPUT_METADATA_JSON": "/Users/yangtao/ant/harmony/HarmonymPaaSDemo/TestModule/build/default/intermediates/hap_metadata/ohosTest/output_metadata.json"
        },
        "BUILD_OPTION": {
          "debuggable": true
        }
      },
      "release": {
        "SOURCE_ROOT": "/Users/yangtao/ant/harmony/HarmonymPaaSDemo/TestModule/src/main",
        "RESOURCES_PATH": [
          "/Users/yangtao/ant/harmony/HarmonymPaaSDemo/TestModule/src/main/resources"
        ],
        "BUILD_PATH": {
          "OUTPUT_PATH": "/Users/yangtao/ant/harmony/HarmonymPaaSDemo/TestModule/build/default/outputs/release",
          "INTERMEDIA_PATH": "/Users/yangtao/ant/harmony/HarmonymPaaSDemo/TestModule/build/default/intermediates",
          "JS_ASSETS_PATH": "/Users/yangtao/ant/harmony/HarmonymPaaSDemo/TestModule/build/default/intermediates/loader_out/release",
          "JS_LITE_ASSETS_PATH": "/Users/yangtao/ant/harmony/HarmonymPaaSDemo/TestModule/build/default/intermediates/loader_out_lite/release",
          "RES_PATH": "/Users/yangtao/ant/harmony/HarmonymPaaSDemo/TestModule/build/default/intermediates/res/release",
          "RES_PROFILE_PATH": "/Users/yangtao/ant/harmony/HarmonymPaaSDemo/TestModule/build/default/intermediates/res/release/resources/base/profile",
          "ETS_SUPER_VISUAL_PATH": "/Users/yangtao/ant/harmony/HarmonymPaaSDemo/TestModule/build/default/cache/release/release@CompileArkTS/esmodule",
          "JS_SUPER_VISUAL_PATH": "/Users/yangtao/ant/harmony/HarmonymPaaSDemo/TestModule/build/default/cache/release/release@CompileJS/jsbundle",
          "WORKER_LOADER": "/Users/yangtao/ant/harmony/HarmonymPaaSDemo/TestModule/build/default/intermediates/loader/release/loader.json",
          "MANIFEST_JSON": "/Users/yangtao/ant/harmony/HarmonymPaaSDemo/TestModule/build/default/intermediates/manifest/release",
          "OUTPUT_METADATA_JSON": "/Users/yangtao/ant/harmony/HarmonymPaaSDemo/TestModule/build/default/intermediates/hap_metadata/release/output_metadata.json"
        },
        "BUILD_OPTION": {
          "debuggable": true
        }
      }
    },
    "BUILD_OPTION": {
      "default-default": {
        "debuggable": true,
        "copyFrom": "default",
        "name": "debug"
      }
    },
    "BUILD_PROFILE_OPT": {
      "apiType": "stageMode",
      "buildOption": {},
      "buildOptionSet": [
        {
          "name": "release",
          "arkOptions": {
            "obfuscation": {
              "ruleOptions": {
                "enable": true,
                "files": [
                  "./obfuscation-rules.txt"
                ]
              }
            }
          }
        },
        {
          "name": "default"
        },
        {
          "name": "debug"
        }
      ],
      "targets": [
        {
          "name": "default"
        },
        {
          "name": "ohosTest"
        },
        {
          "name": "release"
        }
      ]
    }
  },
  "ohos-module-BasicSharedModule": {
    "SELECT_TARGET": "default",
    "MODULE_BUILD_DIR": "/Users/yangtao/ant/harmony/HarmonymPaaSDemo/BasicSharedModule/build",
    "DEPENDENCY_INFO": {
      "@mpaas/framework": "/Users/yangtao/ant/harmony/HarmonymPaaSDemo/oh_modules/.ohpm/@mpaas+framework@1.0.240722195448/oh_modules/@mpaas/framework",
      "@mpaas/rpc": "/Users/yangtao/ant/harmony/HarmonymPaaSDemo/oh_modules/.ohpm/@mpaas+rpc@1.0.240904203320/oh_modules/@mpaas/rpc",
      "@mpaas/sync_service": "/Users/yangtao/ant/harmony/HarmonymPaaSDemo/oh_modules/.ohpm/@mpaas+sync_service@1.0.240911193552/oh_modules/@mpaas/sync_service",
      "@mpaas/udid": "/Users/yangtao/ant/harmony/HarmonymPaaSDemo/oh_modules/.ohpm/@mpaas+udid@1.0.240722105823/oh_modules/@mpaas/udid",
      "@mpaas/transport_build": "/Users/yangtao/ant/harmony/HarmonymPaaSDemo/oh_modules/.ohpm/@mpaas+transport_build@1.0.240829214135/oh_modules/@mpaas/transport_build",
      "@mpaas/lang": "/Users/yangtao/ant/harmony/HarmonymPaaSDemo/oh_modules/.ohpm/@mpaas+lang@1.0.240522203238/oh_modules/@mpaas/lang",
      "@mpaas/gm": "/Users/yangtao/ant/harmony/HarmonymPaaSDemo/oh_modules/.ohpm/@mpaas+gm@1.0.240702194534/oh_modules/@mpaas/gm",
      "@mpaas/protobuf": "/Users/yangtao/ant/harmony/HarmonymPaaSDemo/oh_modules/.ohpm/@mpaas+protobuf@1.0.240523150922/oh_modules/@mpaas/protobuf",
      "@mpaas/trace_log": "/Users/yangtao/ant/harmony/HarmonymPaaSDemo/oh_modules/.ohpm/@mpaas+trace_log@1.0.240902173726/oh_modules/@mpaas/trace_log",
      "@ohos/crypto-js": "/Users/yangtao/ant/harmony/HarmonymPaaSDemo/oh_modules/.ohpm/@ohos+crypto-js@2.0.4/oh_modules/@ohos/crypto-js",
      "@mpaas/fake_island": "/Users/yangtao/ant/harmony/HarmonymPaaSDemo/oh_modules/.ohpm/@mpaas+fake_island@1.0.240724144051/oh_modules/@mpaas/fake_island",
      "@mpaas/shuckle": "/Users/yangtao/ant/harmony/HarmonymPaaSDemo/oh_modules/.ohpm/@mpaas+shuckle@1.0.240824165843/oh_modules/@mpaas/shuckle",
      "@mpaas/compress": "/Users/yangtao/ant/harmony/HarmonymPaaSDemo/oh_modules/.ohpm/@mpaas+compress@1.0.240731193015/oh_modules/@mpaas/compress",
      "@mpaas/license_control": "/Users/yangtao/ant/harmony/HarmonymPaaSDemo/oh_modules/.ohpm/@mpaas+license_control@1.0.240910160107/oh_modules/@mpaas/license_control",
      "@mpaas/fs_ext": "/Users/yangtao/ant/harmony/HarmonymPaaSDemo/oh_modules/.ohpm/@mpaas+fs_ext@1.0.240715153152/oh_modules/@mpaas/fs_ext",
      "@mpaas/path": "/Users/yangtao/ant/harmony/HarmonymPaaSDemo/oh_modules/.ohpm/@mpaas+path@1.0.240625165026/oh_modules/@mpaas/path"
    },
    "TARGETS": {
      "default": {
        "SOURCE_ROOT": "/Users/yangtao/ant/harmony/HarmonymPaaSDemo/BasicSharedModule/src/main",
        "RESOURCES_PATH": [
          "/Users/yangtao/ant/harmony/HarmonymPaaSDemo/BasicSharedModule/src/main/resources"
        ],
        "BUILD_PATH": {
          "OUTPUT_PATH": "/Users/yangtao/ant/harmony/HarmonymPaaSDemo/BasicSharedModule/build/default/outputs/default",
          "INTERMEDIA_PATH": "/Users/yangtao/ant/harmony/HarmonymPaaSDemo/BasicSharedModule/build/default/intermediates",
          "JS_ASSETS_PATH": "/Users/yangtao/ant/harmony/HarmonymPaaSDemo/BasicSharedModule/build/default/intermediates/loader_out/default",
          "JS_LITE_ASSETS_PATH": "/Users/yangtao/ant/harmony/HarmonymPaaSDemo/BasicSharedModule/build/default/intermediates/loader_out_lite/default",
          "RES_PATH": "/Users/yangtao/ant/harmony/HarmonymPaaSDemo/BasicSharedModule/build/default/intermediates/res/default",
          "RES_PROFILE_PATH": "/Users/yangtao/ant/harmony/HarmonymPaaSDemo/BasicSharedModule/build/default/intermediates/res/default/resources/base/profile",
          "ETS_SUPER_VISUAL_PATH": "/Users/yangtao/ant/harmony/HarmonymPaaSDemo/BasicSharedModule/build/default/cache/default/default@CompileArkTS/esmodule",
          "JS_SUPER_VISUAL_PATH": "/Users/yangtao/ant/harmony/HarmonymPaaSDemo/BasicSharedModule/build/default/cache/default/default@CompileJS/jsbundle",
          "WORKER_LOADER": "/Users/yangtao/ant/harmony/HarmonymPaaSDemo/BasicSharedModule/build/default/intermediates/loader/default/loader.json",
          "MANIFEST_JSON": "/Users/yangtao/ant/harmony/HarmonymPaaSDemo/BasicSharedModule/build/default/intermediates/manifest/default",
          "OUTPUT_METADATA_JSON": "/Users/yangtao/ant/harmony/HarmonymPaaSDemo/BasicSharedModule/build/default/intermediates/hsp_metadata/default/output_metadata.json"
        },
        "BUILD_OPTION": {
          "debuggable": true
        }
      },
      "release": {
        "SOURCE_ROOT": "/Users/yangtao/ant/harmony/HarmonymPaaSDemo/BasicSharedModule/src/main",
        "RESOURCES_PATH": [
          "/Users/yangtao/ant/harmony/HarmonymPaaSDemo/BasicSharedModule/src/main/resources"
        ],
        "BUILD_PATH": {
          "OUTPUT_PATH": "/Users/yangtao/ant/harmony/HarmonymPaaSDemo/BasicSharedModule/build/default/outputs/release",
          "INTERMEDIA_PATH": "/Users/yangtao/ant/harmony/HarmonymPaaSDemo/BasicSharedModule/build/default/intermediates",
          "JS_ASSETS_PATH": "/Users/yangtao/ant/harmony/HarmonymPaaSDemo/BasicSharedModule/build/default/intermediates/loader_out/release",
          "JS_LITE_ASSETS_PATH": "/Users/yangtao/ant/harmony/HarmonymPaaSDemo/BasicSharedModule/build/default/intermediates/loader_out_lite/release",
          "RES_PATH": "/Users/yangtao/ant/harmony/HarmonymPaaSDemo/BasicSharedModule/build/default/intermediates/res/release",
          "RES_PROFILE_PATH": "/Users/yangtao/ant/harmony/HarmonymPaaSDemo/BasicSharedModule/build/default/intermediates/res/release/resources/base/profile",
          "ETS_SUPER_VISUAL_PATH": "/Users/yangtao/ant/harmony/HarmonymPaaSDemo/BasicSharedModule/build/default/cache/release/release@CompileArkTS/esmodule",
          "JS_SUPER_VISUAL_PATH": "/Users/yangtao/ant/harmony/HarmonymPaaSDemo/BasicSharedModule/build/default/cache/release/release@CompileJS/jsbundle",
          "WORKER_LOADER": "/Users/yangtao/ant/harmony/HarmonymPaaSDemo/BasicSharedModule/build/default/intermediates/loader/release/loader.json",
          "MANIFEST_JSON": "/Users/yangtao/ant/harmony/HarmonymPaaSDemo/BasicSharedModule/build/default/intermediates/manifest/release",
          "OUTPUT_METADATA_JSON": "/Users/yangtao/ant/harmony/HarmonymPaaSDemo/BasicSharedModule/build/default/intermediates/hsp_metadata/release/output_metadata.json"
        },
        "BUILD_OPTION": {
          "debuggable": true
        }
      }
    },
    "BUILD_OPTION": {
      "default-default": {
        "debuggable": true,
        "copyFrom": "default",
        "name": "debug"
      }
    },
    "BUILD_PROFILE_OPT": {
      "apiType": "stageMode",
      "buildOption": {},
      "buildOptionSet": [
        {
          "name": "release",
          "arkOptions": {
            "obfuscation": {
              "ruleOptions": {
                "enable": true,
                "files": [
                  "./obfuscation-rules.txt"
                ]
              }
            }
          }
        },
        {
          "name": "default"
        },
        {
          "name": "debug"
        }
      ],
      "targets": [
        {
          "name": "default"
        },
        {
          "name": "release"
        }
      ]
    }
  },
  "ohos-module-mpaas_ocr_demo": {
    "SELECT_TARGET": "default",
    "MODULE_BUILD_DIR": "/Users/yangtao/ant/harmony/HarmonymPaaSDemo/mpaas_ocr_demo/build",
    "DEPENDENCY_INFO": {
      "@mpaas/mpaas_ocr_core": "/Users/yangtao/ant/harmony/HarmonymPaaSDemo/oh_modules/.ohpm/@mpaas+mpaas_ocr_core@0.0.2/oh_modules/@mpaas/mpaas_ocr_core",
      "mpaas_xmedia": "/Users/yangtao/ant/harmony/HarmonymPaaSDemo/oh_modules/.ohpm/@alipay+mpaas_xmedia@1.0.0-240401202828/oh_modules/@alipay/mpaas_xmedia",
      "@mpaas/mpaas_xmediacorebiz": "/Users/yangtao/ant/harmony/HarmonymPaaSDemo/oh_modules/.ohpm/@mpaas+mpaas_xmediacorebiz@0.0.2/oh_modules/@mpaas/mpaas_xmediacorebiz",
      "@mpaas/mpaas_ocr_model_driver_license": "/Users/yangtao/ant/harmony/HarmonymPaaSDemo/oh_modules/.ohpm/@mpaas+mpaas_ocr_model_driver_license@0.0.2/oh_modules/@mpaas/mpaas_ocr_model_driver_license",
      "@mpaas/mpaas_ocr_model_idcard": "/Users/yangtao/ant/harmony/HarmonymPaaSDemo/oh_modules/.ohpm/@mpaas+mpaas_ocr_model_idcard@0.0.2/oh_modules/@mpaas/mpaas_ocr_model_idcard",
      "@mpaas/mpaas_ocr_model_bank": "/Users/yangtao/ant/harmony/HarmonymPaaSDemo/oh_modules/.ohpm/@mpaas+mpaas_ocr_model_bank@0.0.2/oh_modules/@mpaas/mpaas_ocr_model_bank",
      "@mpaas/mpaas_ocr_model_bizlicense": "/Users/yangtao/ant/harmony/HarmonymPaaSDemo/oh_modules/.ohpm/@mpaas+mpaas_ocr_model_bizlicense@0.0.2/oh_modules/@mpaas/mpaas_ocr_model_bizlicense",
      "@mpaas/mpaas_ocr_model_car_license": "/Users/yangtao/ant/harmony/HarmonymPaaSDemo/oh_modules/.ohpm/@mpaas+mpaas_ocr_model_car_license@0.0.2/oh_modules/@mpaas/mpaas_ocr_model_car_license",
      "@mpaas/mpaas_ocr_model_driving_license": "/Users/yangtao/ant/harmony/HarmonymPaaSDemo/oh_modules/.ohpm/@mpaas+mpaas_ocr_model_driving_license@0.0.2/oh_modules/@mpaas/mpaas_ocr_model_driving_license",
      "@mpaas/mpaas_ocr_model_gas_meter": "/Users/yangtao/ant/harmony/HarmonymPaaSDemo/oh_modules/.ohpm/@mpaas+mpaas_ocr_model_gas_meter@0.0.2/oh_modules/@mpaas/mpaas_ocr_model_gas_meter",
      "@mpaas/mpaas_ocr_model_passport": "/Users/yangtao/ant/harmony/HarmonymPaaSDemo/oh_modules/.ohpm/@mpaas+mpaas_ocr_model_passport@0.0.2/oh_modules/@mpaas/mpaas_ocr_model_passport",
      "@mpaas/mpaas_ocr_model_vin_code": "/Users/yangtao/ant/harmony/HarmonymPaaSDemo/oh_modules/.ohpm/@mpaas+mpaas_ocr_model_vin_code@0.0.2/oh_modules/@mpaas/mpaas_ocr_model_vin_code",
      "@mpaas/hos_license_control": "/Users/yangtao/ant/harmony/HarmonymPaaSDemo/oh_modules/.ohpm/@mpaas+hos_license_control@0.0.2/oh_modules/@mpaas/hos_license_control"
    },
    "TARGETS": {
      "default": {
        "SOURCE_ROOT": "/Users/yangtao/ant/harmony/HarmonymPaaSDemo/mpaas_ocr_demo/src/main",
        "RESOURCES_PATH": [
          "/Users/yangtao/ant/harmony/HarmonymPaaSDemo/mpaas_ocr_demo/src/main/resources"
        ],
        "BUILD_PATH": {
          "OUTPUT_PATH": "/Users/yangtao/ant/harmony/HarmonymPaaSDemo/mpaas_ocr_demo/build/default/outputs/default",
          "INTERMEDIA_PATH": "/Users/yangtao/ant/harmony/HarmonymPaaSDemo/mpaas_ocr_demo/build/default/intermediates",
          "JS_ASSETS_PATH": "/Users/yangtao/ant/harmony/HarmonymPaaSDemo/mpaas_ocr_demo/build/default/intermediates/loader_out/default",
          "JS_LITE_ASSETS_PATH": "/Users/yangtao/ant/harmony/HarmonymPaaSDemo/mpaas_ocr_demo/build/default/intermediates/loader_out_lite/default",
          "RES_PATH": "/Users/yangtao/ant/harmony/HarmonymPaaSDemo/mpaas_ocr_demo/build/default/intermediates/res/default",
          "RES_PROFILE_PATH": "/Users/yangtao/ant/harmony/HarmonymPaaSDemo/mpaas_ocr_demo/build/default/intermediates/res/default/resources/base/profile",
          "ETS_SUPER_VISUAL_PATH": "/Users/yangtao/ant/harmony/HarmonymPaaSDemo/mpaas_ocr_demo/build/default/cache/default/default@HarCompileArkTS/esmodule",
          "JS_SUPER_VISUAL_PATH": "/Users/yangtao/ant/harmony/HarmonymPaaSDemo/mpaas_ocr_demo/build/default/cache/default/default@HarCompileJS/jsbundle",
          "WORKER_LOADER": "/Users/yangtao/ant/harmony/HarmonymPaaSDemo/mpaas_ocr_demo/build/default/intermediates/loader/default/loader.json",
          "MANIFEST_JSON": "/Users/yangtao/ant/harmony/HarmonymPaaSDemo/mpaas_ocr_demo/build/default/intermediates/manifest/default",
          "OUTPUT_METADATA_JSON": "/Users/yangtao/ant/harmony/HarmonymPaaSDemo/mpaas_ocr_demo/build/default/intermediates/hap_metadata/default/output_metadata.json"
        },
        "BUILD_OPTION": {
          "debuggable": true
        }
      },
      "release": {
        "SOURCE_ROOT": "/Users/yangtao/ant/harmony/HarmonymPaaSDemo/mpaas_ocr_demo/src/main",
        "RESOURCES_PATH": [
          "/Users/yangtao/ant/harmony/HarmonymPaaSDemo/mpaas_ocr_demo/src/main/resources"
        ],
        "BUILD_PATH": {
          "OUTPUT_PATH": "/Users/yangtao/ant/harmony/HarmonymPaaSDemo/mpaas_ocr_demo/build/default/outputs/release",
          "INTERMEDIA_PATH": "/Users/yangtao/ant/harmony/HarmonymPaaSDemo/mpaas_ocr_demo/build/default/intermediates",
          "JS_ASSETS_PATH": "/Users/yangtao/ant/harmony/HarmonymPaaSDemo/mpaas_ocr_demo/build/default/intermediates/loader_out/release",
          "JS_LITE_ASSETS_PATH": "/Users/yangtao/ant/harmony/HarmonymPaaSDemo/mpaas_ocr_demo/build/default/intermediates/loader_out_lite/release",
          "RES_PATH": "/Users/yangtao/ant/harmony/HarmonymPaaSDemo/mpaas_ocr_demo/build/default/intermediates/res/release",
          "RES_PROFILE_PATH": "/Users/yangtao/ant/harmony/HarmonymPaaSDemo/mpaas_ocr_demo/build/default/intermediates/res/release/resources/base/profile",
          "ETS_SUPER_VISUAL_PATH": "/Users/yangtao/ant/harmony/HarmonymPaaSDemo/mpaas_ocr_demo/build/default/cache/release/release@HarCompileArkTS/esmodule",
          "JS_SUPER_VISUAL_PATH": "/Users/yangtao/ant/harmony/HarmonymPaaSDemo/mpaas_ocr_demo/build/default/cache/release/release@HarCompileJS/jsbundle",
          "WORKER_LOADER": "/Users/yangtao/ant/harmony/HarmonymPaaSDemo/mpaas_ocr_demo/build/default/intermediates/loader/release/loader.json",
          "MANIFEST_JSON": "/Users/yangtao/ant/harmony/HarmonymPaaSDemo/mpaas_ocr_demo/build/default/intermediates/manifest/release",
          "OUTPUT_METADATA_JSON": "/Users/yangtao/ant/harmony/HarmonymPaaSDemo/mpaas_ocr_demo/build/default/intermediates/hap_metadata/release/output_metadata.json"
        },
        "BUILD_OPTION": {
          "debuggable": true
        }
      }
    },
    "BUILD_OPTION": {
      "default-default": {
        "debuggable": true,
        "copyFrom": "default",
        "name": "debug"
      },
      "default-release": {
        "debuggable": true,
        "copyFrom": "default",
        "name": "debug"
      }
    },
    "BUILD_PROFILE_OPT": {
      "apiType": "stageMode",
      "buildOption": {},
      "buildOptionSet": [
        {
          "name": "release",
          "arkOptions": {
            "obfuscation": {
              "ruleOptions": {
                "enable": true,
                "files": [
                  "./obfuscation-rules.txt"
                ]
              },
              "consumerFiles": [
                "./consumer-rules.txt"
              ]
            }
          }
        },
        {
          "name": "default"
        },
        {
          "name": "debug"
        }
      ],
      "targets": [
        {
          "name": "default"
        },
        {
          "name": "release"
        }
      ]
    }
  },
  "ohos-project": {
    "SELECT_PRODUCT_NAME": "default",
    "MODULE_BUILD_DIR": "/Users/yangtao/ant/harmony/HarmonymPaaSDemo/build",
    "BUNDLE_NAME": "com.mpaas.harmonydemo",
    "BUILD_PATH": {
      "OUTPUT_PATH": "/Users/yangtao/ant/harmony/HarmonymPaaSDemo/build/outputs/default"
    },
    "MODULES": [
      {
        "name": "entry",
        "srcPath": "/Users/yangtao/ant/harmony/HarmonymPaaSDemo/entry",
        "targets": [
          {
            "name": "default",
            "applyToProducts": [
              "default"
            ]
          },
          {
            "name": "release",
            "applyToProducts": [
              "release"
            ]
          }
        ],
        "belongProjectPath": "/Users/yangtao/ant/harmony/HarmonymPaaSDemo"
      },
      {
        "name": "TestModule",
        "srcPath": "/Users/yangtao/ant/harmony/HarmonymPaaSDemo/TestModule",
        "targets": [
          {
            "name": "default",
            "applyToProducts": [
              "default"
            ]
          },
          {
            "name": "release",
            "applyToProducts": [
              "release"
            ]
          }
        ],
        "belongProjectPath": "/Users/yangtao/ant/harmony/HarmonymPaaSDemo"
      },
      {
        "name": "BasicSharedModule",
        "srcPath": "/Users/yangtao/ant/harmony/HarmonymPaaSDemo/BasicSharedModule",
        "targets": [
          {
            "name": "default",
            "applyToProducts": [
              "default"
            ]
          },
          {
            "name": "release",
            "applyToProducts": [
              "release"
            ]
          }
        ],
        "belongProjectPath": "/Users/yangtao/ant/harmony/HarmonymPaaSDemo"
      },
      {
        "name": "mpaas_ocr_demo",
        "srcPath": "/Users/yangtao/ant/harmony/HarmonymPaaSDemo/mpaas_ocr_demo",
        "targets": [
          {
            "name": "default",
            "applyToProducts": [
              "default"
            ]
          },
          {
            "name": "release",
            "applyToProducts": [
              "release"
            ]
          }
        ],
        "belongProjectPath": "/Users/yangtao/ant/harmony/HarmonymPaaSDemo"
      }
    ],
    "PROFILE_OPT": {
      "app": {
        "products": [
          {
            "name": "default",
            "signingConfig": "default",
            "compatibleSdkVersion": "5.0.0(12)",
            "targetSdkVersion": "5.0.0(12)",
            "runtimeOS": "HarmonyOS"
          },
          {
            "name": "release",
            "signingConfig": "release",
            "compatibleSdkVersion": "5.0.0(12)",
            "targetSdkVersion": "5.0.0(12)",
            "runtimeOS": "HarmonyOS"
          }
        ],
        "buildModeSet": [
          {
            "name": "debug"
          },
          {
            "name": "release"
          }
        ],
        "signingConfigs": [
          {
            "name": "default",
            "type": "HarmonyOS",
            "material": {
              "storePassword": "00000018A7EEBA6EAA9D2E6B2E324D32A73C49C6F692AE8DA3DB97920B3AE3F6C8A6E6A41A507EEE",
              "certpath": "./keystore/debug/mpaas_debug.cer",
              "keyAlias": "mpaas123",
              "keyPassword": "00000018451F13D83C092B790EC2A84DCF2AB29A79EC2ABF28C239559628223101DB7C548A91F798",
              "profile": "./keystore/debug/mpaas_debugDebug.p7b",
              "signAlg": "SHA256withECDSA",
              "storeFile": "./keystore/debug/mpaas_debug.p12"
            }
          },
          {
            "name": "release",
            "type": "HarmonyOS",
            "material": {
              "certpath": "./keystore/release/mpaas_release.cer",
              "storePassword": "00000018F422C534DEDD5934B497437B952A16621B280A39FC1F07B9826E7B5E4BCB33DA5CF02653",
              "keyAlias": "mpaas123",
              "keyPassword": "0000001887AF5BD26AA27C9D173A23BB5FE41FF78A864952A2F29411665582B8D55FB9999F8D31DA",
              "profile": "./keystore/release/mpaas_releaseRelease.p7b",
              "signAlg": "SHA256withECDSA",
              "storeFile": "./keystore/release/mpaas_relrease.p12"
            }
          }
        ]
      },
      "modules": [
        {
          "name": "entry",
          "srcPath": "./entry",
          "targets": [
            {
              "name": "default",
              "applyToProducts": [
                "default"
              ]
            },
            {
              "name": "release",
              "applyToProducts": [
                "release"
              ]
            }
          ]
        },
        {
          "name": "TestModule",
          "srcPath": "./TestModule",
          "targets": [
            {
              "name": "default",
              "applyToProducts": [
                "default"
              ]
            },
            {
              "name": "release",
              "applyToProducts": [
                "release"
              ]
            }
          ]
        },
        {
          "name": "BasicSharedModule",
          "srcPath": "./BasicSharedModule",
          "targets": [
            {
              "name": "default",
              "applyToProducts": [
                "default"
              ]
            },
            {
              "name": "release",
              "applyToProducts": [
                "release"
              ]
            }
          ]
        },
        {
          "name": "mpaas_ocr_demo",
          "srcPath": "./mpaas_ocr_demo",
          "targets": [
            {
              "name": "default",
              "applyToProducts": [
                "default"
              ]
            },
            {
              "name": "release",
              "applyToProducts": [
                "release"
              ]
            }
          ]
        }
      ]
    },
    "CONFIG_PROPERTIES": {
      "enableSignTask": true,
      "skipNativeIncremental": false,
      "hvigor.keepDependency": true
    },
    "OVERALL_PROJECT_PATHS": [
      "/Users/yangtao/ant/harmony/HarmonymPaaSDemo"
    ]
  },
  "version": 1
}