{
    "config":{
        "updateReqRate":16400,
        "limitReqRate":13600,
        "appPoolLimit":3,
        "versionRefreshRate":86400
    },
    "data":[
        {
            "app_desc":"H5离线测试包",
            "app_id":"00000089",
            "auto_install":1,
            "extend_info":{
                "launchParams":{
                    }
                },
                "fallback_base_url":" https://mztapp.fujian.gov.cn:8700/mcube/PRI608683B180952-product/00000089/0.0.0.2_all/nebula/fallback/",
                "global_pack_url":"",
                "icon_url":"",
                "installType":1,
                "main_url":"/www/index.html",
                "name":"H5离线测试包",
                "online":1,
                "package_url":" https://mztapp.fujian.gov.cn:8700/mcube/PRI608683B180952-product/00000089/0.0.0.2_all/nebula/00000089_0.0.0.2.amr",
                "patch":"",
                "sub_url":"",
                "version":"0.0.0.2",
                "vhost":"https://00000089.h5app.mzt.com"
            },
        {
            "app_desc":"1501安全中心",
            "app_id":"15010000",
            "auto_install":1,
            "extend_info":{
                "launchParams":{
                    }
                },
                "fallback_base_url":"https://tteest.96079.com.cn:40000/mcube/PRI39F8EC0181502-sit/15010000/0.0.0.53_all/nebula/fallback/",
                "global_pack_url":"",
                "icon_url":"",
                "installType":1,
                "main_url":"index.htm",
                "name":"1501安全中心",
                "online":1,
                "package_url":"https://tteest.96079.com.cn:40000/mcube/PRI39F8EC0181502-sit/15010000/0.0.0.53_all/nebula/15010000_0.0.0.53.amr",
                "patch":"",
                "sub_url":"",
                "version":"0.0.0.53",
                "vhost":"https://15010000.h5app.ksrcb.com"
            },
        {
            "app_desc":"公共资源包",
            "app_id":"00000000",
            "auto_install":1,
            "extend_info":{
                "launchParams":{
                    }
                },
                "fallback_base_url":"",
                "global_pack_url":"https://tteest.96079.com.cn:40000/mcube/PRI39F8EC0181502_sit/static/common/components_active.png",
                "icon_url":"",
                "installType":1,
                "main_url":"index.htm",
                "name":"公共资源包",
                "online":1,
                "package_url":"https://tteest.96079.com.cn:40000/mcube/PRI39F8EC0181502-sit/00000000/0.0.0.199_all/nebula/00000000_0.0.0.199.amr",
                "patch":"",
                "sub_url":"",
                "version":"0.0.0.199",
                "vhost":"https://00000000.h5app.ksrcb.com"
            }
        ],
        "resultCode":100,
        "resultMsg":"操作成功",
        "state":"success"
    }
