{
  "HVIGOR_OHOS_PLUGIN": {
    "MODULES": [
      {
        "MODULE_NAME": "1043bfc77febe75fafec0c4309faccf1",
        "API_TYPE": "stageMode"
      },
      {
        "MODULE_NAME": "31f995b9d7a62e5b9f60de14e2d7c9eb",
        "API_TYPE": "stageMode"
      },
      {
        "MODULE_NAME": "924c8813b87d1d8125715d8578c0c5be",
        "API_TYPE": "stageMode"
      },
      {
        "MODULE_NAME": "9797d08260bd434bca58059fd8608548",
        "API_TYPE": "stageMode"
      }
    ],
    "BUILD_MODE": "debug"
  },
  "HVIGOR": {
    "IS_INCREMENTAL": true,
    "IS_DAEMON": true,
    "IS_PARALLEL": true,
    "IS_HVIGORFILE_TYPE_CHECK": false,
    "TASK_TIME": {
      "1043bfc77febe75fafec0c4309faccf1": {
        "clean": 1159226417
      },
      "31f995b9d7a62e5b9f60de14e2d7c9eb": {
        "clean": 19730125
      },
      "924c8813b87d1d8125715d8578c0c5be": {
        "clean": 114186500
      },
      "9797d08260bd434bca58059fd8608548": {
        "clean": 4843000
      },
      "APP": {
        "clean": 237459
      }
    },
    "TOTAL_TIME": 1598272583,
    "BUILD_ID": "202409261558358040"
  }
}